ID,Phase,Task,PrimaryType,Prompt,Skill,Contract,Artifact,DependsOn,Evidence,Gate,Status
P00-01,P00,Freeze Constitution,DOC,PRM-P00-001,SK-PM,PROJECT_CONSTITUTION_CONTRACT,ART-001,,EVID-P00-001,GATE-P00,COMPLETE
P00-02,P00,Repository Contract,ARCHITECTURE,PRM-P00-001,SK-ARCH,REPOSITORY_STRUCTURE_CONTRACT,ART-010,P00-01,EVID-P00-002,GATE-P00,COMPLETE
P00-03,P00,Scaffold Repository,ARCHITECTURE,PRM-P00-001,SK-ARCH,REPOSITORY_STRUCTURE_CONTRACT,ART-020,P00-01|P00-02,EVID-P00-003,GATE-P00,COMPLETE
P00-04,P00,Artifact Registry,DOC,PRM-P00-001,SK-PM,ARTIFACT_LIFECYCLE_CONTRACT,ART-004,P00-01|P00-03,EVID-P00-004,GATE-P00,COMPLETE
P00-05,P00,Prompt Registry,DOC,PRM-P00-001,SK-DOC,PROJECT_CONSTITUTION_CONTRACT,ART-016,P00-01|P00-03,EVID-P00-005,GATE-P00,COMPLETE
P00-06,P00,Skill Registry,DOC,PRM-P00-001,SK-PM,CONTEXT_ACQUISITION_CONTRACT,ART-017,P00-01|P00-03,EVID-P00-006,GATE-P00,COMPLETE
P00-07,P00,Dependency Registry,REASONING,PRM-P00-001,SK-PM,REQUIREMENT_TRACEABILITY_CONTRACT,ART-018,P00-01|P00-03,EVID-P00-007,GATE-P00,COMPLETE
P00-08,P00,Evidence Registry,QA,PRM-P00-001,SK-QA,EVIDENCE_CONTRACT,ART-019,P00-04|P00-05|P00-06|P00-07,EVID-P00-008,GATE-P00,COMPLETE
P00-09,P00,Gate Model and Closeout,REVIEW,PRM-P00-001,SK-PM,RELEASE_GATE_CONTRACT,ART-006|ART-021,P00-01|P00-02|P00-03|P00-04|P00-05|P00-06|P00-07|P00-08,EVID-P00-009,GATE-P00,COMPLETE
P01-01,P01,Problem Statement,ANALYSIS,TBD,SK-PROD,TBD,TBD,GATE-P00,TBD,GATE-P01,READY
P01-02,P01,Target Customer and Personas,RESEARCH,TBD,SK-BA,TBD,TBD,P01-01,TBD,GATE-P01,BLOCKED
P01-03,P01,Jobs To Be Done,ANALYSIS,TBD,SK-PROD,TBD,TBD,P01-02,TBD,GATE-P01,BLOCKED
P01-04,P01,Value Proposition,ANALYSIS,TBD,SK-PROD,TBD,TBD,P01-03,TBD,GATE-P01,BLOCKED
P01-05,P01,Product Scope,DOC,TBD,SK-PM,TBD,TBD,P01-04,TBD,GATE-P01,BLOCKED
P01-06,P01,MVP and Out of Scope,DOC,TBD,SK-PROD,TBD,TBD,P01-05,TBD,GATE-P01,BLOCKED
P01-07,P01,Revenue Hypotheses,COMMERCIAL,TBD,SK-BA,TBD,TBD,P01-06,TBD,GATE-P01,BLOCKED
P01-08,P01,Commercial Experiments,COMMERCIAL,TBD,SK-PROD,TBD,TBD,P01-07,TBD,GATE-P01,BLOCKED
P02-01,P02,Business Requirements,REQUIREMENTS,TBD,SK-REQ,REQUIREMENT_TRACEABILITY_CONTRACT,TBD,GATE-P01,TBD,GATE-P02,BLOCKED
P02-02,P02,Functional Requirements,REQUIREMENTS,TBD,SK-REQ,REQUIREMENT_TRACEABILITY_CONTRACT,TBD,P02-01,TBD,GATE-P02,BLOCKED
P02-03,P02,Nonfunctional Requirements,REQUIREMENTS,TBD,SK-REQ,REQUIREMENT_TRACEABILITY_CONTRACT,TBD,P02-01,TBD,GATE-P02,BLOCKED
P02-04,P02,Data AI Security Payment Requirements,REQUIREMENTS,TBD,SK-REQ,REQUIREMENT_TRACEABILITY_CONTRACT,TBD,P02-01,TBD,GATE-P02,BLOCKED
P02-05,P02,Requirements Traceability Matrix,QA,TBD,SK-QA,REQUIREMENT_TRACEABILITY_CONTRACT,TBD,P02-02|P02-03|P02-04,TBD,GATE-P02,BLOCKED
P03-01,P03,System Architecture,ARCHITECTURE,TBD,SK-ARCH,TBD,TBD,GATE-P02,TBD,GATE-P03,BLOCKED
P03-02,P03,Domain and Data Model,DATA,TBD,SK-DATA,TBD,TBD,P03-01,TBD,GATE-P03,BLOCKED
P03-03,P03,API and Interface Contracts,BACKEND,TBD,SK-BE,TBD,TBD,P03-02,TBD,GATE-P03,BLOCKED
